,area,centroid,mean_intensity,perimeter,row,column,circularity
18,194,"(105.84536082474227, 132.23711340206185)",0.30228421265413374,74.14823227814082,1,1,0.44341460178002123
19,507,"(109.93293885601578, 1695.061143984221)",0.3456858877673357,82.5269119345812,1,10,0.9354630419302798
20,499,"(110.34869739478958, 1866.0781563126252)",0.3462532908955165,85.35533905932738,1,11,0.860694496453987
21,452,"(111.86061946902655, 2046.2898230088495)",0.34289432587194174,79.94112549695427,1,12,0.8888076459769668
22,507,"(111.7534516765286, 2220.2899408284025)",0.34765827435510693,84.18376618407356,1,13,0.8990029586855389
23,504,"(111.42063492063492, 2744.875)",0.34033613445378147,82.5269119345812,1,16,0.9299277576585031
24,518,"(113.24324324324324, 993.0096525096525)",0.3210538269361798,83.59797974644665,1,6,0.9314253618923121
25,436,"(113.71330275229357, 1341.4128440366972)",0.324024105054866,81.59797974644665,1,8,0.822881958428067
26,494,"(111.90485829959515, 1518.419028340081)",0.3464237516869096,82.52691193458118,1,9,0.911476810085914
27,473,"(113.71670190274841, 3788.3657505285414)",0.3510094101065373,79.94112549695427,1,22,0.9301018065201445
28,453,"(113.94260485651215, 469.26931567328916)",0.31402848114963416,77.35533905932738,1,3,0.9513218635791861
29,459,"(112.25925925925925, 645.5119825708061)",0.33247896108334407,79.698484809835,1,4,0.9080764645534756
30,477,"(112.99371069182389, 1169.1488469601677)",0.32262917745714637,81.35533905932738,1,7,0.9056411015177627
31,458,"(111.85589519650655, 2566.2510917030568)",0.3409452864115078,78.87005768508881,1,15,0.9252328101166262
32,530,"(113.85849056603773, 2918.6018867924527)",0.3486496485386607,84.2842712474619,1,17,0.9375461644267975
33,487,"(114.4271047227926, 3440.030800821355)",0.3480372025606957,83.35533905932738,1,20,0.880789199285665
34,462,"(113.28571428571429, 2395.021645021645)",0.3415160003395298,80.8700576850888,1,14,0.8877206731147265
35,480,"(114.57916666666667, 3093.077083333333)",0.3424754901960784,83.14823227814082,1,18,0.8724590665905635
36,466,"(114.86051502145922, 3268.1416309012875)",0.33878650172515357,80.35533905932738,1,19,0.9069144149312196
37,395,"(113.89367088607595, 295.9898734177215)",0.3279027053859518,74.2842712474619,1,2,0.8995249739107525
38,453,"(115.58940397350993, 818.1059602649007)",0.32383673116045525,82.18376618407356,1,5,0.8428222398841839
39,462,"(116.58874458874459, 3616.0627705627708)",0.35151515151515145,78.52691193458118,1,21,0.9414880265297658
40,442,"(116.89366515837104, 3966.110859728507)",0.33597728684233874,77.11269837220809,1,23,0.934071954141024
41,437,"(118.90846681922197, 4140.4691075514875)",0.31841880917126575,79.5269119345812,1,24,0.8682865287995007
42,340,"(281.2029411764706, 1348.3852941176472)",0.3908073817762399,66.5269119345812,2,8,0.9653705627488223
43,360,"(282.94166666666666, 296.6777777777778)",0.3794989106753813,69.11269837220809,2,2,0.9471018082904714
44,357,"(285.3641456582633, 1170.7282913165266)",0.390344373043335,69.11269837220809,2,7,0.9392092932213841
45,292,"(283.7739726027397, 2915.3390410958905)",0.39836153639538,62.04163056034262,2,17,0.9532927911595996
46,344,"(285.2587209302326, 4145.122093023256)",0.3603397172822617,67.698484809835,2,24,0.9432143713287907
47,281,"(286.30604982206404, 3093.153024911032)",0.39111018072709514,60.87005768508881,2,18,0.9530347958722274
48,332,"(288.1024096385542, 993.2710843373494)",0.3945310654382235,65.698484809835,2,6,0.96657874423384
49,323,"(287.8018575851393, 2047.4520123839009)",0.3828325138104778,64.8700576850888,2,12,0.9645479405994744
50,296,"(287.9662162162162, 3967.875)",0.3915606783253842,63.11269837220809,2,23,0.9338305498354373
51,391,"(289.7416879795396, 121.43222506393862)",0.34770573190913195,72.76955262170046,2,1,0.927870167174177
52,329,"(288.8449848024316, 820.1063829787234)",0.3838726980153763,65.698484809835,2,5,0.9578445989546185
53,337,"(289.2581602373887, 1693.899109792285)",0.39832431488916037,67.35533905932738,2,10,0.9334599977839995
54,317,"(289.807570977918, 1870.249211356467)",0.39477948908269933,65.4558441227157,2,11,0.9297630235330004
55,276,"(289.518115942029, 2217.5833333333335)",0.38680022733731173,61.11269837220809,2,13,0.9286584741578974
56,287,"(289.41811846689893, 2394.4494773519164)",0.39607843137254894,60.87005768508881,2,14,0.9733842932929867
57,276,"(288.9166666666667, 2567.7065217391305)",0.39616368286445014,59.698484809834994,2,15,0.9731781039721235
58,222,"(289.02252252252254, 2747.662162162162)",0.36799152093269744,64.8700576850888,2,16,0.6629400706287409
59,336,"(291.625, 469.2113095238095)",0.3772992530345472,65.94112549695429,2,3,0.9710384578239459
60,284,"(290.27464788732397, 3439.0598591549297)",0.38499033416183376,61.698484809834994,2,20,0.9375171187212212
61,308,"(291.3733766233766, 641.262987012987)",0.3788515406162465,64.5269119345812,2,4,0.9295629753944543
62,307,"(291.04234527687294, 1515.6807817589577)",0.3735709267420323,67.698484809835,2,9,0.8417639883661011
63,281,"(290.61209964412814, 3267.0604982206405)",0.38491382318051776,61.698484809834994,2,19,0.9276137688755745
64,280,"(292.12857142857143, 3789.157142857143)",0.3857422969187675,60.8700576850888,2,22,0.9496432129687677
65,272,"(292.6507352941176, 3617.7904411764707)",0.3873558246828143,59.4558441227157,2,21,0.9669180539630468
66,406,"(460.2389162561576, 122.32019704433498)",0.3654206510190283,72.5269119345812,3,1,0.9699235960062126
67,267,"(460.6554307116105, 2916.2097378277153)",0.39587280605125946,58.8700576850888,3,17,0.968126711023372
68,91,"(460.13186813186815, 1335.4615384615386)",0.3052359405300581,34.72792206135785,3,8,0.9481862649764555
69,288,"(464.05555555555554, 289.90277777777777)",0.3780501089324619,60.87005768508881,3,2,0.9767758761964466
70,96,"(461.0416666666667, 650.3645833333334)",0.33137254901960783,38.970562748477136,3,4,0.7943423962385974
71,82,"(461.6829268292683, 2400.5)",0.31410808225729314,32.72792206135785,3,14,0.9620260937502338
72,270,"(465.1222222222222, 3091.3962962962964)",0.389992737835875,60.2842712474619,3,18,0.9336102210116388
73,285,"(466.8385964912281, 3968.024561403509)",0.3974406604747162,61.112698372208094,3,23,0.9589408157065242
74,303,"(467.65346534653463, 4144.201320132013)",0.3835242347764188,62.8700576850888,3,24,0.963307130227367
75,111,"(463.47747747747746, 2564.7927927927926)",0.34322557851969615,40.384776310850235,3,15,0.8552586581514214
76,113,"(465.53097345132744, 1516.8230088495575)",0.32469200069408294,40.384776310850235,3,9,0.8706687240640596
77,153,"(467.62091503267976, 2740.1960784313724)",0.35353069332308085,52.04163056034261,3,16,0.7099038053131926
78,149,"(468.1006711409396, 2044.8120805369128)",0.36170548756415316,46.04163056034262,3,12,0.8832725645610987
79,81,"(466.91358024691357, 993.604938271605)",0.31377390462357774,30.72792206135785,3,6,1.0780241689052947
80,66,"(468.6212121212121, 2223.2272727272725)",0.3133095662507427,30.727922061357855,3,13,0.8783900635524622
81,66,"(469.3333333333333, 1693.590909090909)",0.31229946524064167,28.899494936611667,3,10,0.9930549804415802
82,318,"(630.7327044025158, 298.52830188679246)",0.39272413367862863,64.2842712474619,4,2,0.9670023603410938
83,249,"(630.2530120481928, 1693.0281124497992)",0.37328923537286396,63.4558441227157,4,10,0.777080408357058
84,415,"(634.2915662650603, 125.87710843373495)",0.37470351996220175,73.94112549695429,4,1,0.9538626571915821
85,257,"(635.7431906614786, 1178.4163424124513)",0.363408865491722,69.94112549695427,4,7,0.660203395927921
86,258,"(634.3798449612403, 1516.84496124031)",0.40437756497948024,58.2842712474619,4,9,0.9543920842612497
87,186,"(633.2688172043011, 2042.6881720430108)",0.3719797596457938,49.798989873223334,4,12,0.942500829431571
88,220,"(633.9681818181818, 2739.322727272727)",0.386524064171123,53.21320343559643,4,16,0.9763234853774017
89,298,"(635.6912751677852, 3966.318791946309)",0.3984603237268062,63.4558441227157,4,23,0.929999846146198
90,354,"(636.6553672316384, 4139.180790960452)",0.39648831283926006,67.94112549695427,4,24,0.9637128548335132
91,135,"(635.0074074074074, 1349.5037037037036)",0.3354538852578067,46.384776310850235,4,8,0.7884836629942638
92,247,"(636.8623481781376, 2222.6032388663966)",0.3856156227673256,57.45584412271571,4,13,0.9402392964801098
93,255,"(637.1294117647059, 2917.8745098039217)",0.39490965013456364,59.21320343559643,4,17,0.9139299935695677
94,239,"(639.2133891213389, 3087.3598326359834)",0.38580687505127575,59.698484809834994,4,18,0.8427158219178894
95,156,"(635.7564102564103, 1865.679487179487)",0.3466817496229261,46.62741699796952,4,11,0.9016785679793784
96,73,"(636.1095890410959, 2385.3561643835615)",0.31152296535052376,30.727922061357855,4,14,0.9715526460504506
97,242,"(638.6570247933885, 3263.3388429752067)",0.3865013774104683,56.87005768508881,4,19,0.940281502152496
98,82,"(637.1341463414634, 2576.1951219512193)",0.35633668101386895,33.55634918610404,4,15,0.9151121181029239
99,84,"(636.4761904761905, 823.3928571428571)",0.3124183006535947,31.31370849898476,4,5,1.0765151381010827
100,94,"(637.9787234042553, 996.7553191489362)",0.32507300792657484,34.72792206135785,4,6,0.9794451528328223
101,76,"(640.1973684210526, 470.10526315789474)",0.3152218782249741,31.31370849898476,4,3,0.9739898868533605
102,78,"(643.5128205128206, 3790.230769230769)",0.3338360985419808,35.55634918610404,4,22,0.7753006382899146
103,94,"(802.7978723404256, 2219.2340425531916)",0.3307467667918231,37.31370849898476,5,13,0.848400447199604
104,383,"(810.4020887728459, 4141.566579634465)",0.3913991706343112,71.35533905932738,5,24,0.9452695969646735
105,251,"(808.3824701195219, 1165.418326693227)",0.37773611436606513,58.04163056034262,5,7,0.936277046350273
106,127,"(808.2755905511812, 1516.8425196850394)",0.33175853018372703,41.31370849898476,5,9,0.9350293066386683
107,351,"(812.7578347578348, 121.03988603988604)",0.3845595218144238,67.94112549695427,5,1,0.9555457967417037
108,290,"(812.5068965517241, 297.8758620689655)",0.37826910074374576,63.112698372208094,5,2,0.9149015522036377
109,260,"(813.3615384615384, 3622.4461538461537)",0.381131221719457,60.2842712474619,5,21,0.8990320646778744
110,237,"(813.6244725738396, 2565.1856540084386)",0.38103747828245227,57.21320343559643,5,15,0.9098413694244543
111,160,"(813.05625, 2915.4875)",0.3618382352941176,47.79898987322333,5,17,0.8800197297186078
112,210,"(813.9809523809524, 3440.961904761905)",0.3837161531279179,56.62741699796952,5,20,0.8229541779735472
113,323,"(815.4643962848297, 3962.640866873065)",0.40497784253020097,65.45584412271572,5,23,0.9473610618333091
114,61,"(810.8524590163935, 651.5409836065573)",0.3089038894246222,27.31370849898476,5,4,1.0274917859878587
115,61,"(811.1639344262295, 2734.8852459016393)",0.3313404050144647,26.727922061357855,5,16,1.073023680704148
116,144,"(817.2847222222222, 1872.798611111111)",0.3483115468409586,49.45584412271571,5,11,0.7398388250087208
117,169,"(816.810650887574, 2389.3668639053253)",0.3725258150597517,47.45584412271572,5,14,0.9430118778011836
118,77,"(814.5064935064935, 3265.883116883117)",0.32742551566080974,33.55634918610404,5,19,0.8593125987064043
119,119,"(816.2857142857143, 1691.8991596638655)",0.34575712637996364,41.798989873223334,5,10,0.855904386603746
120,78,"(818.2179487179487, 2046.179487179487)",0.3145801910507793,34.970562748477136,5,12,0.8014920604261142
121,111,"(819.5045045045046, 3094.765765765766)",0.35053877406818584,43.55634918610404,5,18,0.7352413116271667
122,110,"(820.9727272727273, 991.4818181818182)",0.33147950089126565,43.21320343559643,5,6,0.7402350156331066
123,67,"(820.2089552238806, 3795.492537313433)",0.30752121744220073,31.31370849898476,5,22,0.8586489791996731
124,307,"(984.6091205211726, 300.88273615635177)",0.38833748483106595,64.2842712474619,6,2,0.9335525931594837
125,162,"(983.5061728395061, 2745.8086419753085)",0.36131687242798355,54.2842712474619,6,16,0.6908390125497126
126,227,"(983.7488986784141, 1166.9691629955946)",0.3878379545650859,54.62741699796952,6,7,0.9559042435214915
127,359,"(985.9610027855153, 3958.9470752089137)",0.40052433229559237,68.87005768508881,6,23,0.9511377505274696
128,194,"(984.9484536082474, 999.5103092783505)",0.37679401657570244,53.798989873223334,6,6,0.8422933095465147
129,212,"(984.9150943396227, 3090.938679245283)",0.38296337402885683,54.04163056034261,6,18,0.9121974135969423
130,402,"(988.5398009950248, 4143.7835820895525)",0.3786459857574871,71.94112549695427,6,24,0.9760711158910573
131,373,"(987.8900804289544, 125.59785522788204)",0.3745676286600431,71.35533905932738,6,1,0.9205889286366142
132,257,"(987.2801556420234, 3442.1750972762648)",0.3934691386282139,58.04163056034261,6,20,0.9586581709642239
133,123,"(989.5934959349594, 649.3333333333334)",0.346054519368723,46.62741699796952,6,4,0.7109388709068176
134,134,"(986.0970149253732, 1695.7164179104477)",0.35422885572139295,42.97056274847714,6,10,0.9119532591950573
135,156,"(987.5705128205128, 1872.7564102564102)",0.36458019105077927,46.62741699796952,6,11,0.9016785679793784
136,273,"(989.8241758241758, 824.1538461538462)",0.37602528190763485,59.21320343559643,6,5,0.9784426989980078
137,171,"(988.9707602339181, 3609.5789473684213)",0.3652562779497764,49.798989873223334,6,21,0.8664926980257992
138,172,"(992.0930232558139, 2572.517441860465)",0.3628818969448245,48.87005768508881,6,15,0.9050083945886723
139,275,"(992.6509090909091, 3788.869090909091)",0.3764420677361854,60.87005768508881,6,22,0.9326852984514681
140,127,"(990.2598425196851, 1350.1181102362204)",0.3307086614173229,43.21320343559643,6,8,0.8546349725945867
141,124,"(988.766129032258, 1518.3951612903227)",0.3529095509171411,40.97056274847714,6,9,0.92829858989067
142,67,"(988.4029850746268, 2914.417910447761)",0.3049458589405911,31.556349186104047,6,17,0.8454952275537065
143,216,"(995.8564814814815, 2043.1851851851852)",0.36815541031227306,56.8700576850888,6,12,0.8392595225823931
144,99,"(995.040404040404, 2220.10101010101)",0.35302040007922364,39.55634918610404,6,13,0.7950833421633805
145,355,"(1156.6112676056339, 128.4)",0.3743054404860536,68.5269119345812,7,1,0.9499831326066072
146,351,"(1158.6780626780626, 299.019943019943)",0.3869504496955477,67.94112549695429,7,2,0.9555457967417034
147,349,"(1159.1719197707737, 3964.260744985673)",0.4136636889712905,67.11269837220809,7,23,0.9737016134692698
148,89,"(1156.1573033707866, 1350.7865168539327)",0.33073364177131526,35.72792206135786,7,8,0.8761618799971944
149,104,"(1158.2884615384614, 1525.6923076923076)",0.3354826546003017,39.55634918610404,7,9,0.8352390665150664
150,125,"(1157.824, 1871.936)",0.35498039215686283,41.55634918610404,7,11,0.9095887982566118
151,265,"(1160.811320754717, 2566.177358490566)",0.3940214576396596,58.8700576850888,7,15,0.9608748255475416
152,211,"(1161.1658767772512, 2921.7109004739336)",0.3884397360840071,52.87005768508881,7,17,0.9485773508728451
153,186,"(1161.3010752688172, 2221.0752688172042)",0.3839974699557243,51.38477631085023,7,13,0.8852254018435625
154,99,"(1160.9292929292928, 1168.909090909091)",0.33911665676371555,36.384776310850235,7,7,0.9397355145804962
155,238,"(1163.689075630252, 3786.176470588235)",0.3943153732081068,54.87005768508881,7,22,0.9933813165067734
156,408,"(1166.0024509803923, 4139.458333333333)",0.39178200692041526,72.76955262170047,7,24,0.9682123483556626
157,157,"(1163.592356687898, 827.2611464968153)",0.3602597726988884,46.79898987322333,7,5,0.9008169679384352
158,105,"(1164.5809523809523, 477.65714285714284)",0.3299346405228758,39.55634918610404,7,3,0.8432702113854035
159,151,"(1164.112582781457, 645.8543046357615)",0.35722633424230615,48.384776310850235,7,4,0.8105304520013221
160,188,"(1163.9893617021276, 2738.468085106383)",0.38279098873591993,50.970562748477136,7,16,0.9093453623899942
161,108,"(1162.601851851852, 3264.4166666666665)",0.32846768336964416,46.62741699796952,7,19,0.6242390086011081
162,201,"(1165.5124378109454, 991.044776119403)",0.36761291581309136,54.62741699796952,7,6,0.8464174138670476
163,151,"(1167.8344370860927, 3087.9470198675494)",0.383248928710557,45.698484809834994,7,18,0.908621920268219
164,122,"(1168.6639344262296, 3435.0)",0.34802314368370296,44.62741699796952,7,20,0.7697792370265091
165,169,"(1167.5147928994083, 3619.5562130177514)",0.3720849286460146,49.21320343559643,7,21,0.8768661348408099
166,137,"(1169.1751824817518, 1695.8248175182482)",0.35474452554744523,45.21320343559643,7,10,0.8421702075956842
167,98,"(1169.1020408163265, 2388.8571428571427)",0.32849139655862347,39.9350288425444,7,14,0.772196688488551
168,97,"(1170.340206185567, 2043.7113402061855)",0.3420658985243582,38.384776310850235,7,12,0.8273010397200262
170,107,"(1326.1401869158879, 471.66355140186914)",0.34814000366501746,35.55634918610404,8,3,1.0635534397053956
171,124,"(1333.4032258064517, 640.0725806451613)",0.338077166350411,46.384776310850235,8,4,0.724236846009546
172,281,"(1334.8861209964414, 2220.964412811388)",0.38337868955411347,60.87005768508881,8,13,0.9530347958722274
173,330,"(1336.3575757575757, 123.9939393939394)",0.37717171717171716,66.52691193458118,8,1,0.936977310903269
174,251,"(1335.6972111553785, 1515.6095617529882)",0.3802202952894305,57.45584412271571,8,9,0.9554658437915288
175,246,"(1334.8536585365853, 1693.6707317073171)",0.3848397895743664,57.21320343559643,8,10,0.9443923075038639
176,253,"(1336.7786561264822, 819.1106719367589)",0.37541656978997134,59.11269837220809,8,5,0.9098479403812934
177,84,"(1334.142857142857, 1178.25)",0.31531279178337995,34.935028842544405,8,7,0.864902072529658
178,214,"(1335.3551401869158, 2043.3644859813085)",0.38858347077148614,54.62741699796952,8,12,0.9011608286942696
179,302,"(1338.2549668874171, 303.21854304635764)",0.37737956109596155,63.698484809834994,8,2,0.9353165156591821
180,257,"(1337.7587548638132, 2742.875486381323)",0.37840848401617455,58.04163056034261,8,16,0.9586581709642239
181,269,"(1339.0260223048326, 3095.438661710037)",0.38886216196515777,60.2842712474619,8,18,0.9301524053782625
182,190,"(1338.963157894737, 994.2052631578947)",0.35657378740970075,50.62741699796952,8,6,0.9315194435483574
183,244,"(1340.438524590164, 2389.5737704918033)",0.37767598842815814,58.526911934581186,8,14,0.8951348597379482
184,412,"(1341.9757281553398, 4138.456310679611)",0.3902627070245574,73.11269837220809,8,24,0.968548682324623
185,145,"(1341.1310344827587, 1874.0551724137931)",0.3611629479377958,47.45584412271571,8,11,0.8090930312495364
186,288,"(1341.9618055555557, 2563.3020833333335)",0.38632897603485833,62.04163056034261,8,15,0.9402339858012492
187,367,"(1342.8228882833787, 3962.2343324250683)",0.39668750333921027,70.87005768508881,8,23,0.9182276277997868
188,337,"(1344.5163204747776, 2914.33234421365)",0.38221911910164663,68.5269119345812,8,17,0.9018149737702157
189,174,"(1343.0229885057472, 3610.396551724138)",0.3739914356547216,52.38477631085023,8,21,0.7967992649543048
190,74,"(1341.5405405405406, 1340.5)",0.32676205617382087,30.72792206135785,8,8,0.9848615864073064
191,61,"(1346.688524590164, 3270.4590163934427)",0.3218900675024107,28.970562748477143,8,19,0.9133260319892077
192,327,"(1509.663608562691, 129.61467889908258)",0.37900101936799185,65.698484809835,9,1,0.9520218354351375
193,128,"(1507.9453125, 1172.5234375)",0.34929534313725485,42.72792206135786,9,7,0.8810413427697787
194,253,"(1509.2292490118577, 2917.7707509881425)",0.3871192745873053,62.698484809834994,9,17,0.8087537247833718
195,179,"(1508.4692737430169, 1527.7709497206704)",0.35585496768539815,52.04163056034261,9,9,0.8305410532749117
196,266,"(1509.860902255639, 3094.4436090225563)",0.3965207135485773,59.79898987322333,9,18,0.9347679312496998
197,108,"(1509.3703703703704, 828.8981481481482)",0.3468772694262891,39.31370849898476,9,5,0.8781032674758875
198,292,"(1511.7876712328766, 2570.9897260273974)",0.36818426000537197,65.11269837220809,9,15,0.8654885531940969
199,151,"(1509.4039735099338, 3435.774834437086)",0.36756265420075307,46.384776310850235,9,20,0.8819335786083987
200,445,"(1513.265168539326, 4139.042696629213)",0.38689579202467506,75.94112549695427,9,24,0.969651818430454
201,217,"(1511.294930875576, 2389.852534562212)",0.37809704526972077,54.2842712474619,9,14,0.9253831217486891
202,145,"(1511.8413793103448, 2209.793103448276)",0.35948613928329953,46.97056274847714,9,13,0.8258978572733173
203,375,"(1515.808, 3960.064)",0.39688366013071896,71.8700576850888,9,23,0.9123156920127847
204,268,"(1512.2686567164178, 300.2164179104478)",0.37623646473514777,60.62741699796952,9,2,0.9162342592534615
205,117,"(1512.068376068376, 1689.7606837606838)",0.3603485838779956,40.384776310850235,9,10,0.9014888558893361
206,278,"(1513.9820143884892, 2045.8812949640287)",0.37730286359147974,61.11269837220809,9,12,0.9353878833909256
207,69,"(1510.7826086956522, 476.1449275362319)",0.3187837453822108,29.31370849898476,9,3,1.009061009274825
208,299,"(1514.799331103679, 1869.752508361204)",0.37392615909239946,63.698484809834994,9,11,0.9260252919936935
209,168,"(1516.720238095238, 3617.4464285714284)",0.3533146591970122,56.04163056034262,9,21,0.6721986255143634
210,240,"(1514.6833333333334, 3263.1916666666666)",0.38560457516339863,56.62741699796952,9,19,0.9405190605411966
211,90,"(1513.6444444444444, 994.5555555555555)",0.3377777777777778,35.798989873223334,9,6,0.882492104414233
212,262,"(1515.8893129770993, 2737.3167938931297)",0.39007633587786256,59.4558441227157,9,16,0.9313695960967583
213,83,"(1515.5903614457832, 1343.8072289156626)",0.328466808410111,34.384776310850235,9,8,0.8821766320951319
214,112,"(1517.732142857143, 648.0089285714286)",0.34537815126050414,44.04163056034261,9,4,0.725606404932511
215,294,"(1680.9251700680272, 299.9795918367347)",0.3814459116980125,60.87005768508881,10,2,0.997125373617206
216,243,"(1682.4732510288065, 1867.5720164609054)",0.3701444363753732,56.870057685088796,10,11,0.9441669629051925
217,227,"(1683.7665198237885, 2744.0969162995593)",0.37695430595145546,56.87005768508881,10,16,0.8819995908620519
218,197,"(1682.2690355329948, 2922.979695431472)",0.3676918483129292,51.11269837220809,10,17,0.9475856428870828
219,82,"(1680.4512195121952, 1169.4146341463415)",0.3127690100430416,32.970562748477136,10,7,0.9479184945424236
220,266,"(1684.4436090225563, 1522.6691729323309)",0.37779743476337907,61.4558441227157,10,9,0.8850445337308901
221,298,"(1685.248322147651, 120.06711409395973)",0.36250822476641664,63.8700576850888,10,1,0.917976389675972
222,224,"(1685.486607142857, 1688.1339285714287)",0.37333683473389356,54.04163056034262,10,10,0.9638312294609198
223,252,"(1686.3412698412699, 3267.9007936507937)",0.38574540927482104,56.87005768508881,10,19,0.9791361096794586
224,247,"(1688.0728744939272, 3618.862348178138)",0.3762324362943558,59.112698372208094,10,21,0.8882705188702743
225,243,"(1686.4897119341563, 3785.4238683127573)",0.39878963931251515,56.62741699796952,10,22,0.9522755487979617
226,86,"(1684.6860465116279, 988.3488372093024)",0.33360693114455076,33.55634918610404,10,6,0.9597517336201398
227,145,"(1687.4275862068966, 1342.0758620689655)",0.36343475321162944,43.798989873223334,10,8,0.9498382991153319
228,450,"(1692.1622222222222, 4132.293333333333)",0.38717211328976037,76.76955262170047,10,24,0.9594986285412676
229,247,"(1689.910931174089, 2222.6194331983806)",0.3647535127411288,59.21320343559643,10,13,0.8852576800458165
230,306,"(1690.637254901961, 3089.9117647058824)",0.39432269639882095,62.52691193458118,10,18,0.9835520088932129
231,131,"(1689.381679389313, 3438.93893129771)",0.33267474928902857,44.62741699796952,10,20,0.8265662299219073
232,375,"(1691.4586666666667, 3961.096)",0.41061437908496734,69.698484809835,10,23,0.9700507544861485
233,100,"(1687.07, 646.82)",0.3487450980392157,36.970562748477136,10,4,0.9193856936786339
234,230,"(1692.2478260869566, 2568.7)",0.36612105711849957,57.35533905932738,10,15,0.8785975686698707
235,166,"(1693.686746987952, 2040.5722891566265)",0.37774627923458537,46.62741699796952,10,12,0.9594784761831848
236,87,"(1693.7586206896551, 471.3448275862069)",0.3200811359026368,38.72792206135786,10,3,0.7289214415443294
237,79,"(1693.9746835443038, 819.367088607595)",0.343608835939439,31.071067811865476,10,5,1.02831127503863
238,89,"(1694.808988764045, 2394.078651685393)",0.32764926195197175,38.55634918610404,10,14,0.752329447226707
239,330,"(1854.621212121212, 126.18484848484849)",0.37326203208556147,65.698484809835,11,1,0.9607559807143589
240,95,"(1853.3157894736842, 478.33684210526314)",0.32140350877192975,34.72792206135785,11,3,0.9898647821182778
241,148,"(1857.9256756756756, 994.5608108108108)",0.34851616322204554,44.38477631085023,11,6,0.9440685029466487
242,232,"(1858.771551724138, 1341.4568965517242)",0.37770453008789723,57.11269837220809,11,8,0.8937838229330172
243,285,"(1859.8070175438597, 1701.098245614035)",0.37011351909184725,64.698484809835,11,10,0.8555915843213406
244,117,"(1857.2307692307693, 640.4871794871794)",0.3299145299145299,38.72792206135786,11,4,0.980273662766512
245,228,"(1859.3684210526317, 1170.25)",0.36835225318197456,54.62741699796952,11,7,0.9601152754312778
246,270,"(1860.9962962962964, 298.9111111111111)",0.3792737835875091,58.8700576850888,11,2,0.9790045392371177
247,202,"(1861.029702970297, 821.7623762376238)",0.37328674043874976,52.62741699796952,11,5,0.9165098219743014
248,224,"(1861.7276785714287, 1865.5848214285713)",0.3932247899159664,53.798989873223334,11,11,0.9725448522598933
249,142,"(1861.4788732394366, 1520.8169014084508)",0.3582711958022645,48.04163056034261,11,9,0.7731481660246264
250,115,"(1860.1652173913044, 2569.2608695652175)",0.33452685421994877,40.62741699796952,11,15,0.8755264704065803
251,79,"(1860.9240506329113, 3096.3164556962024)",0.33020600645321413,32.384776310850235,11,18,0.9465752657522392
252,81,"(1859.4938271604938, 3436.41975308642)",0.3250544662309368,33.55634918610404,11,20,0.90395221422362
253,361,"(1865.426592797784, 3962.781163434903)",0.4145456520558361,69.11269837220809,11,23,0.9497326466468338
254,446,"(1866.408071748879, 4136.923766816143)",0.38042732788182543,75.94112549695429,11,24,0.9718308112808592
255,118,"(1861.542372881356, 2911.228813559322)",0.37205051512130277,40.384776310850235,11,17,0.9091938888456552
256,146,"(1862.3972602739725, 3782.1369863013697)",0.3437550362610798,44.62741699796952,11,22,0.9212112180809042
257,68,"(1861.3676470588234, 3617.1029411764707)",0.3084198385236447,29.31370849898476,11,21,0.994436936676639
258,122,"(1864.6311475409836, 2392.0163934426228)",0.35252330440372864,42.87005768508881,11,14,0.8341834300665841
259,270,"(1867.9259259259259, 3268.6666666666665)",0.3561946259985475,77.59797974644665,11,19,0.5634725954975397
260,140,"(1870.307142857143, 2212.5857142857144)",0.3424369747899159,51.45584412271571,11,13,0.6644594547538861
261,62,"(1866.774193548387, 2037.4516129032259)",0.32308665401644515,28.14213562373095,11,12,0.9837561268413856
262,63,"(1873.6031746031747, 2744.0793650793653)",0.3076252723311546,29.899494936611664,11,16,0.885569619078663
263,279,"(2028.279569892473, 120.06810035842294)",0.3545013704406494,60.87005768508881,12,1,0.9462516300653077
264,275,"(2028.4363636363637, 299.9309090909091)",0.3764848484848485,59.698484809834994,12,2,0.969652096349036
265,228,"(2030.4868421052631, 2220.5263157894738)",0.3716890264877881,56.04163056034261,12,13,0.9122695631980647
266,97,"(2032.1443298969073, 482.29896907216494)",0.3282797655144532,38.384776310850235,12,3,0.8273010397200262
267,232,"(2035.176724137931, 1690.6681034482758)",0.38218390804597696,56.62741699796952,12,10,0.9091684251898235
268,104,"(2034.8076923076924, 984.9326923076923)",0.3344268476621417,39.14213562373095,12,6,0.8530100903810484
269,328,"(2037.2317073170732, 1173.3567073170732)",0.3639167862266858,68.52691193458118,12,7,0.8777308943520203
270,245,"(2037.6979591836734, 821.1183673469387)",0.356702681072429,58.52691193458118,12,5,0.8988034452286777
271,97,"(2034.1443298969073, 1517.9690721649486)",0.3277946230038407,37.72792206135786,12,9,0.8563589200262823
272,93,"(2032.8494623655913, 2044.5913978494623)",0.33430318363904693,37.798989873223334,12,12,0.817960674635129
273,101,"(2035.2970297029703, 2390.980198019802)",0.3469617549990294,36.72792206135786,12,14,0.9408892822598
274,117,"(2035.905982905983, 3617.863247863248)",0.3257248198424669,41.79898987322333,12,21,0.8415194389297338
275,464,"(2040.0431034482758, 4134.745689655172)",0.3866717376605815,78.5269119345812,12,24,0.9455637322723185
276,232,"(2039.146551724138, 1345.3491379310344)",0.3781778228532792,57.698484809834994,12,8,0.8757275887858328
277,103,"(2037.7669902912621, 1870.1844660194174)",0.34597372929754433,36.970562748477136,12,11,0.9469672644889928
278,105,"(2039.1238095238095, 2914.152380952381)",0.353874883286648,37.55634918610404,12,17,0.9354755184715366
279,365,"(2043.3342465753424, 3956.608219178082)",0.409218372280419,69.698484809835,12,23,0.944182734366518
280,87,"(2042.8275862068965, 2569.0)",0.3190443993689429,36.7634559672906,12,15,0.808903017006059
281,119,"(2041.672268907563, 3441.672268907563)",0.3336958312736859,40.384776310850235,12,20,0.9168989218019743
282,130,"(2041.7307692307693, 648.8153846153846)",0.3378582202111614,40.384776310850235,12,4,1.0016542843214846
283,94,"(2043.5, 2745.18085106383)",0.32974551522736745,36.970562748477136,12,16,0.8642225520579159
284,137,"(2047.0729927007299, 3783.394160583942)",0.3336768283955918,42.384776310850235,12,22,0.9583201948961455
286,276,"(2200.177536231884, 128.44565217391303)",0.3646348394430236,59.45584412271571,13,1,0.9811374371095619
287,192,"(2205.7708333333335, 477.0260416666667)",0.3522263071895424,53.21320343559643,13,3,0.8520641326930051
288,261,"(2208.425287356322, 298.2681992337165)",0.37278942228232287,57.4558441227157,13,2,0.9935322120700758
289,119,"(2207.4117647058824, 997.4453781512605)",0.34625144175317185,40.970562748477136,13,6,0.8908671951370143
290,195,"(2210.3846153846152, 1867.6923076923076)",0.37164404223227754,52.62741699796952,13,11,0.8847495806187563
291,218,"(2210.6009174311926, 1166.8761467889908)",0.3700665587335852,53.21320343559643,13,7,0.9674478173285161
292,152,"(2211.217105263158, 1696.0723684210527)",0.3404798761609907,50.384776310850235,13,10,0.7524103870454804
293,121,"(2206.6115702479337, 2046.01652892562)",0.33667152811537837,42.38477631085023,13,12,0.8463995881929463
294,177,"(2211.6101694915255, 1518.6666666666667)",0.363110667996012,51.45584412271571,13,9,0.8400665963674132
295,214,"(2212.392523364486, 2386.1728971962616)",0.3663368150998717,52.62741699796952,13,14,0.9709559500123787
296,215,"(2213.2558139534885, 1343.2697674418605)",0.35591427268581854,56.2842712474619,13,8,0.8528530938342657
297,294,"(2214.6938775510203, 2215.013605442177)",0.3776710684273709,62.8700576850888,13,13,0.9346940471513067
298,472,"(2216.447033898305, 4134.175847457627)",0.37616317713526093,78.5269119345812,13,24,0.9618665552425308
299,286,"(2215.730769230769, 3090.5804195804194)",0.3864390511449335,61.698484809834994,13,18,0.9441193519516523
300,124,"(2213.016129032258, 3272.1935483870966)",0.3379190385831752,41.55634918610404,13,19,0.9023120878705588
301,134,"(2213.589552238806, 649.723880597015)",0.3405033655253145,43.79898987322333,13,4,0.8777816005617554
302,240,"(2215.516666666667, 3784.045833333333)",0.37232026143790853,55.45584412271571,13,22,0.980678073257209
303,118,"(2215.686440677966, 2567.677966101695)",0.34187437686939187,42.62741699796952,13,15,0.81604448947684
304,293,"(2217.0409556313994, 2914.7064846416383)",0.3684266880813759,64.2842712474619,13,17,0.8909801622010707
305,292,"(2217.986301369863, 3611.804794520548)",0.38431372549019605,61.45584412271571,13,21,0.9715526460504506
306,143,"(2215.076923076923, 3434.4195804195806)",0.31106540518305215,42.72792206135786,13,20,0.9842883751256122
307,267,"(2220.0374531835205, 3959.1760299625466)",0.36773151208048765,65.698484809835,13,23,0.7773389298507086
308,77,"(2219.5584415584417, 2739.4285714285716)",0.30247007894066713,32.14213562373095,13,16,0.9365934810850846
309,286,"(2377.0594405594406, 647.7412587412588)",0.3704236939531057,61.45584412271571,14,4,0.9515892355151674
310,115,"(2379.9217391304346, 479.2782608695652)",0.332378516624041,39.55634918610404,14,3,0.9235816600887753
311,94,"(2377.7872340425533, 1696.3297872340424)",0.33375052148518974,34.97056274847714,14,10,0.9659006882058297
312,225,"(2381.817777777778, 1517.2222222222222)",0.37777777777777777,54.2842712474619,14,9,0.9594986285412676
313,299,"(2382.7959866220735, 3616.551839464883)",0.36418125778739585,62.87005768508881,14,21,0.9505902044157845
314,236,"(2383.021186440678, 298.4491525423729)",0.36905948820206047,54.2842712474619,14,2,1.006407450381063
315,196,"(2385.5561224489797, 1175.341836734694)",0.344937975190076,53.21320343559643,14,7,0.869815468790776
316,334,"(2385.811377245509, 2911.505988023952)",0.39841493483620993,66.2842712474619,14,17,0.9552902805707371
317,370,"(2386.3594594594597, 3961.681081081081)",0.3995018547959725,69.11269837220809,14,23,0.9734101918540955
318,464,"(2387.2262931034484, 4135.122844827586)",0.3716869506423258,77.59797974644665,14,24,0.9683380900402164
319,253,"(2385.2727272727275, 127.49802371541502)",0.36117182050685886,59.45584412271571,14,1,0.8993759840170984
320,328,"(2386.9786585365855, 3087.234756097561)",0.4023194643711143,66.04163056034261,14,18,0.9450355216640025
321,184,"(2387.2065217391305, 2566.967391304348)",0.35771526001705034,49.698484809834994,14,15,0.9361412673375468
322,282,"(2389.22695035461, 2215.645390070922)",0.3747044917257683,62.52691193458118,14,13,0.9064106748623727
323,256,"(2391.078125, 3788.02734375)",0.3521905637254901,58.2842712474619,14,22,0.9469936960111625
324,171,"(2389.8011695906434, 1866.970760233918)",0.3756449948400412,48.72792206135786,14,11,0.9050033581125568
325,176,"(2391.2727272727275, 2046.2727272727273)",0.3584670231729055,48.38477631085023,14,12,0.9447242354452496
326,74,"(2390.2162162162163, 2394.5945945945946)",0.31356650768415467,29.31370849898476,14,14,1.082181372265754
327,105,"(2392.885714285714, 1344.5047619047618)",0.3300840336134454,37.55634918610404,14,8,0.9354755184715366
328,88,"(2393.3977272727275, 2738.090909090909)",0.31849376114082,34.97056274847714,14,16,0.9042474527884362
329,110,"(2394.809090909091, 3262.190909090909)",0.3200713012477719,38.72792206135786,14,19,0.9216248111480028
330,295,"(2551.5254237288136, 990.6305084745762)",0.3728414755732801,61.4558441227157,15,6,0.9815343513180924
331,274,"(2551.616788321168, 296.0729927007299)",0.36919994275082296,58.8700576850888,15,2,0.9935083101887788
332,280,"(2554.557142857143, 818.6214285714286)",0.37254901960784315,61.11269837220809,15,5,0.9421172926239538
333,440,"(2556.8863636363635, 3438.1272727272726)",0.39613190730837794,76.5269119345812,15,20,0.9441351421315546
334,239,"(2554.3096234309623, 126.0)",0.3534006071047666,55.45584412271571,15,1,0.9765919146186374
335,235,"(2553.872340425532, 474.73191489361704)",0.35998331247392573,56.04163056034261,15,3,0.9402778392611633
336,439,"(2558.259681093394, 3787.0159453302963)",0.3912546339720398,76.18376618407356,15,22,0.9504942794461384
337,316,"(2559.1012658227846, 1521.3481012658228)",0.38348225366095806,64.2842712474619,15,9,0.960920584489892
338,334,"(2559.508982035928, 1863.2964071856288)",0.3927439239168722,67.11269837220809,15,11,0.93185197392188
339,263,"(2558.7756653992396, 645.4638783269962)",0.36633117125177067,58.2842712474619,15,4,0.9728880548864677
340,365,"(2560.0931506849315, 2043.2)",0.38756916465216223,70.52691193458118,15,12,0.92213178431652
341,383,"(2560.4725848563967, 3263.704960835509)",0.38955613577023496,69.94112549695427,15,19,0.9838828818692363
342,342,"(2560.5672514619882, 1695.8654970760233)",0.3814356151817452,67.698484809835,15,10,0.937730566844321
343,289,"(2561.6920415224913, 1169.961937716263)",0.3732410611303345,61.698484809834994,15,7,0.954022701797299
344,386,"(2562.2823834196893, 2742.0906735751296)",0.39705374377730374,71.35533905932738,15,16,0.9526737974630914
345,297,"(2562.242424242424, 1341.2222222222222)",0.3785700138641315,64.76955262170047,15,8,0.8896609301532121
346,284,"(2564.8028169014083, 2222.6197183098593)",0.3650372825186412,65.21320343559643,15,13,0.8391838848350811
347,377,"(2565.3872679045094, 2564.0)",0.3935507359442451,70.5269119345812,15,15,0.9524484457187066
348,428,"(2564.82476635514, 3606.3154205607475)",0.3946857247571926,74.5269119345812,15,21,0.9683389037453897
349,432,"(2564.935185185185, 3959.050925925926)",0.38341503267973853,75.94112549695427,15,23,0.9413249113751824
350,386,"(2565.6373056994817, 2390.880829015544)",0.39564157269125266,71.94112549695427,15,14,0.9372225142635525
351,471,"(2565.9660297239916, 4135.583864118896)",0.36328212813787936,79.698484809835,15,24,0.9318170257182724
352,341,"(2567.4398826979473, 2916.131964809384)",0.3918118567074924,68.5269119345812,15,17,0.9125190090671915
353,378,"(2568.1613756613756, 3086.3968253968255)",0.3963481688971885,71.11269837220809,15,18,0.9393065425435505
354,553,"(2727.271247739602, 1165.622061482821)",0.3209233060312733,88.66904755831213,16,7,0.883875118192104
355,392,"(2725.0229591836733, 467.1811224489796)",0.3160764305722289,75.11269837220809,16,3,0.8731104839067674
356,490,"(2727.377551020408, 816.0204081632653)",0.3359263705482193,81.59797974644665,16,5,0.9247985312609011
357,476,"(2725.577731092437, 992.3151260504202)",0.34016312407315863,81.69848480983498,16,6,0.8961667211283008
358,520,"(2727.273076923077, 1687.1942307692307)",0.33409502262443436,88.76955262170047,16,10,0.8292493606963802
359,410,"(2726.7804878048782, 297.4951219512195)",0.33189861310377805,73.698484809835,16,2,0.9485857635347563
360,333,"(2727.5225225225226, 122.33333333333333)",0.3138314785373609,68.5269119345812,16,1,0.89111093847324
361,475,"(2727.6926315789474, 642.2315789473685)",0.334844169246646,81.45584412271572,16,4,0.8996197400137008
362,438,"(2727.5433789954336, 1340.0182648401826)",0.3331811263318113,78.5269119345812,16,8,0.8925795576191283
363,514,"(2729.338521400778, 1514.4221789883268)",0.34222934309910735,85.35533905932738,16,9,0.886567076507714
364,607,"(2731.2240527182867, 1865.9686985172982)",0.348018218819653,93.59797974644667,16,11,0.8706941075455892
365,558,"(2731.89605734767, 2912.8870967741937)",0.3392367699768079,88.42640687119285,16,17,0.8967680081085173
366,594,"(2733.0824915824915, 3435.405723905724)",0.33813956559054603,89.25483399593904,16,20,0.9369853827740705
367,595,"(2732.731092436975, 3958.5176470588235)",0.34615916955017295,93.87615433949867,16,23,0.8484304544335728
368,560,"(2731.698214285714, 2210.7571428571428)",0.34130252100840336,87.698484809835,16,13,0.9149844450269498
369,605,"(2733.0247933884298, 2387.495867768595)",0.3519624047966294,90.76955262170047,16,14,0.9227516890251075
370,589,"(2732.5551782682514, 3085.539898132428)",0.3518159725689936,93.59797974644667,16,18,0.8448745129231499
371,606,"(2734.2128712871286, 3610.818481848185)",0.34047110593412283,93.84062043356593,16,21,0.864770263349062
372,554,"(2733.638989169675, 2036.9909747292418)",0.34346287251362634,89.35533905932738,16,12,0.871923965147782
373,570,"(2734.1473684210528, 2562.0052631578947)",0.33404884760921916,89.59797974644667,16,15,0.8922535510744185
374,558,"(2733.5, 2735.3602150537636)",0.3453018483379015,87.94112549695429,16,16,0.9066925010875236
375,628,"(2734.25, 3261.4601910828023)",0.349525415261646,95.49747468305833,16,19,0.8653379154657231
376,550,"(2735.163636363636, 3783.652727272727)",0.3459108734402852,86.76955262170046,16,22,0.917989760495066
377,497,"(2734.307847082495, 4134.281690140845)",0.31845188779737243,81.698484809835,16,24,0.9357034882369021
